{
  "name": "modernizr-min",
  "version": "2.8.3",
  "homepage": "https://github.com/chatii2412/modernizr-min",
  "authors": [
    "Wooram Jun <chatii2412@gmail.com>"
  ],
  "description": "Minified version of Modernizr.",
  "keywords": [
    "modernizr"
  ],
  "license": "MIT",
  "dependencies": {
    "modernizr": "2.8.3"
  },
  "_release": "2.8.3",
  "_resolution": {
    "type": "version",
    "tag": "2.8.3",
    "commit": "f8702008b1393f4fc94538894ea13e37d9975599"
  },
  "_source": "https://github.com/chatii2412/modernizr-min.git",
  "_target": "2.8.3",
  "_originalSource": "modernizr-min"
}