{
  "name": "jquery",
  "main": "dist/jquery.js",
  "license": "MIT",
  "ignore": [
    "package.json"
  ],
  "keywords": [
    "jquery",
    "javascript",
    "browser",
    "library"
  ],
  "homepage": "https://github.com/jquery/jquery-dist",
  "version": "1.12.3",
  "_release": "1.12.3",
  "_resolution": {
    "type": "version",
    "tag": "1.12.3",
    "commit": "3a43d7e563314bf32970b773dd31ecf2b90813dd"
  },
  "_source": "https://github.com/jquery/jquery-dist.git",
  "_target": "^1.0.3",
  "_originalSource": "jquery"
}